{ 	"format_version": "1.10.0", 	"geometry.custom.cape": { 		"texturewidth": 22, 		"textureheight": 17, 		"visible_bounds_width": 3, 		"visible_bounds_height": 4.5, 		"visible_bounds_offset": [0, 0.75, 0], 		"bones": [ 			{ 				"name": "root", 				"pivot": [0, 0, 0] 			}, 			{ 				"name": "body", 				"parent": "root", 				"pivot": [0, 24, 0] 			}, 			{ 				"name": "cape", 				"parent": "body", 				"pivot": [0, 24, 3], 				"rotation": [0, 180, 0], 				"cubes": [ 					{"origin": [-5, 8, 3], "size": [10, 16, 1], "uv": [0, 0]} 				] 			}, 			{ 				"name": "waist", 				"parent": "root", 				"pivot": [0, 12, 0] 			} 		] 	} }